{
  "n_rp": 8,
  "n_sp": 4,
  "matrix": [
    [
      0.10526315789473684,
      0.9034749034749034,
      0.14634146341463414,
      0.41434262948207173
    ],
    [
      0.0,
      0.0,
      0.0,
      0.00909090909090909
    ],
    [
      0.0,
      0.004032258064516129,
      0.0,
      0.0
    ],
    [
      0.0,
      0.016129032258064516,
      0.0,
      0.008849557522123894
    ],
    [
      0.0,
      0.008064516129032258,
      0.0,
      0.009009009009009009
    ],
    [
      0.0,
      0.004032258064516129,
      0.0,
      0.00909090909090909
    ],
    [
      0.03571428571428571,
      0.004032258064516129,
      0.0,
      0.0
    ],
    [
      0.03125,
      0.020161290322580645,
      0.024390243902439025,
      0.017699115044247787
    ]
  ],
  "rp_ids": [
    "RP_0",
    "RP_1",
    "RP_2",
    "RP_3",
    "RP_4",
    "RP_5",
    "RP_6",
    "RP_7"
  ],
  "sp_ids": [
    "SP_0",
    "SP_1",
    "SP_2",
    "SP_3"
  ]
}